,POPESTIMATE2015,STATE,COUNTY
0,4858979,1,0
1,55347,1,1
2,203709,1,3
3,26489,1,5
4,22583,1,7
5,57673,1,9
6,10696,1,11
7,20154,1,13
8,115620,1,15
9,34123,1,17
10,25859,1,19
11,43943,1,21
12,13170,1,23
13,24675,1,25
14,13555,1,27
15,15018,1,29
16,51211,1,31
17,54354,1,33
18,12672,1,35
19,10724,1,37
20,37835,1,39
21,13963,1,41
22,82005,1,43
23,49565,1,45
24,41131,1,47
25,71130,1,49
26,81468,1,51
27,37789,1,53
28,103057,1,55
29,16759,1,57
30,31696,1,59
31,203976,1,125
32,65294,1,127
33,16804,1,129
34,11059,1,131
35,23877,1,133
36,738432,2,0
37,3341,2,13
38,5702,2,16
39,298695,2,20
40,17946,2,50
41,892,2,60
42,1919,2,68
43,4997,2,70
44,99631,2,90
45,2534,2,100
46,2133,2,105
47,32756,2,110
48,58059,2,122
49,13709,2,130
50,13889,2,150
51,8119,2,158
52,1563,2,164
53,101095,2,170
54,9846,2,180
55,9687,2,185
56,7752,2,188
57,3177,2,195
58,6341,2,198
59,8863,2,220
60,1057,2,230
61,6839,2,240
62,9362,2,261
63,2382,2,275
64,613,2,282
65,5533,2,290
66,6828065,4,0
67,71474,4,1
68,126427,4,3
69,139097,4,5
70,53159,4,7
71,37666,4,9
72,9529,4,11
73,20152,4,12
74,4167947,4,13
75,204737,4,15
76,108277,4,17
77,1010025,4,19
78,406584,4,21
79,46461,4,23
80,222255,4,25
81,204275,4,27
82,2978204,5,0
83,18433,5,1
84,20838,5,3
85,41053,5,5
86,249672,5,7
87,37222,5,9
88,11094,5,11
89,5229,5,13
90,27704,5,15
91,11027,5,17
92,22633,5,19
93,15109,5,21
94,25467,5,23
95,26777,1,61
96,8479,1,63
97,15068,1,65
98,17221,1,67
99,104173,1,69
100,52419,1,71
101,660367,1,73
102,13886,1,75
103,92596,1,77
104,33115,1,79
105,156993,1,81
106,91663,1,83
107,10458,1,85
108,19105,1,87
109,353089,1,89
110,20028,1,91
111,30168,1,93
112,94725,1,95
113,415395,1,97
114,21673,1,99
115,226519,1,101
116,119565,1,103
117,9652,1,105
118,20864,1,107
119,33046,1,109
120,22696,1,111
121,59660,1,113
122,87074,1,115
123,208713,1,117
124,13103,1,119
125,80862,1,121
126,40844,1,123
127,8311,5,25
128,24114,5,27
129,21019,5,29
130,104354,5,31
131,61703,5,33
132,48963,5,35
133,17284,5,37
134,7604,5,39
135,11965,5,41
136,18778,5,43
137,121552,5,45
138,17702,5,47
139,12204,5,49
140,97177,5,51
141,18102,5,53
142,44196,5,55
143,22084,5,57
144,33426,5,59
145,13300,5,61
146,37052,5,63
147,13445,5,65
148,17338,5,67
149,71565,5,69
150,26141,5,71
151,6996,5,73
152,16779,5,75
153,9650,5,77
154,13820,5,79
155,12472,5,81
156,21714,5,83
157,71645,5,85
158,15767,5,87
159,16185,5,89
160,43908,5,91
161,43738,5,93
162,7399,5,95
163,8970,5,97
164,8558,5,99
165,7913,5,101
166,24358,5,103
167,10189,5,105
168,19513,5,107
169,10824,5,109
170,24040,5,111
171,20216,5,113
172,63390,5,115
173,8291,5,117
174,392664,5,119
175,17469,5,121
176,26589,5,123
177,117460,5,125
178,10513,5,127
179,7869,5,129
180,127780,5,131
181,17290,5,133
182,16912,5,135
183,12456,5,137
184,40144,5,139
185,16771,5,141
186,225477,5,143
187,79161,5,145
188,6741,5,147
189,21713,5,149
190,39144818,6,0
191,1638215,6,1
192,1110,6,3
193,37001,6,5
194,225411,6,7
195,44828,6,9
196,21482,6,11
197,1126745,6,13
198,27254,6,15
199,184452,6,17
200,974861,6,19
201,28017,6,21
202,135727,6,23
203,180191,6,25
204,18260,6,27
205,882176,6,29
206,150965,6,31
207,64591,6,33
208,31345,6,35
209,10170292,6,37
210,154998,6,39
211,261221,6,41
212,17531,6,43
213,87649,6,45
214,268455,6,47
215,8965,6,49
216,13909,6,51
217,433898,6,53
218,142456,6,55
219,98877,6,57
220,3169776,6,59
221,375391,6,61
222,18409,6,63
223,2361026,6,65
224,1501335,6,67
225,58792,6,69
226,2128133,6,71
227,3299521,6,73
228,864816,6,75
229,726106,6,77
230,281401,6,79
231,765135,6,81
232,444769,6,83
233,1918044,6,85
234,274146,6,87
235,179533,6,89
236,2967,6,91
237,43554,6,93
238,436092,6,95
239,502146,6,97
240,538388,6,99
241,96463,6,101
242,63308,6,103
243,13069,6,105
244,459863,6,107
245,53709,6,109
246,850536,6,111
247,213016,6,113
248,74492,6,115
249,5456574,8,0
250,491337,8,1
251,16496,8,3
252,631096,8,5
253,12352,8,7
254,3615,8,9
255,5830,8,11
256,319372,8,13
257,65065,8,14
258,18658,8,15
259,1829,8,17
260,9303,8,19
261,8130,8,21
262,3584,8,23
263,5562,8,25
264,4445,8,27
265,29979,8,29
266,682545,8,31
267,1978,8,33
268,322387,8,35
269,53605,8,37
270,24735,8,39
271,674471,8,41
272,46692,8,43
273,58095,8,45
274,5828,8,47
275,14615,8,49
276,16067,8,51
277,774,8,53
278,6492,8,55
279,1356,8,57
280,565524,8,59
281,1423,8,61
282,7758,8,63
283,7485,8,65
284,54688,8,67
285,333577,8,69
286,14058,8,71
287,5557,8,73
288,22036,8,75
289,148513,8,77
290,726,8,79
291,12937,8,81
292,26168,8,83
293,40946,8,85
294,28360,8,87
295,18343,8,89
296,4691,8,91
297,16510,8,93
298,4349,8,95
299,17787,8,97
300,11954,8,99
301,163591,8,101
302,6571,8,103
303,11543,8,105
304,24130,8,107
305,6251,8,109
306,701,8,111
307,7879,8,113
308,2399,8,115
309,30257,8,117
310,23385,8,119
311,4864,8,121
312,285174,8,123
313,10146,8,125
314,3590886,9,0
315,948053,9,1
316,895841,9,3
317,183603,9,5
318,164063,9,7
319,859470,9,9
320,271863,9,11
321,151420,9,13
322,116573,9,15
323,945934,10,0
324,173533,10,1
325,556779,10,3
326,215622,10,5
327,672228,11,0
328,672228,11,1
329,20271272,12,0
330,259964,12,1
331,27420,12,3
332,181635,12,5
333,26928,12,7
334,568088,12,9
335,1896425,12,11
336,14462,12,13
337,173115,12,15
338,141058,12,17
339,203967,12,19
340,357305,12,21
341,68348,12,23
342,35458,12,27
343,16203,12,29
344,913010,12,31
345,311003,12,33
346,105392,12,35
347,11761,12,37
348,46036,12,39
349,17199,12,41
350,13670,12,43
351,15871,12,45
352,14295,12,47
353,27502,12,49
354,39119,12,51
355,178439,12,53
356,99491,12,55
357,1349050,12,57
358,19324,12,59
359,147919,12,61
360,48599,12,63
361,14081,12,65
362,8663,12,67
363,325875,12,69
364,701982,12,71
365,286272,12,73
366,39832,12,75
367,8331,12,77
368,18408,12,79
369,363369,12,81
370,343254,12,83
371,156283,12,85
372,2693117,12,86
373,77482,12,87
374,78444,12,89
375,198664,12,91
376,39469,12,93
377,1288126,12,95
378,323993,12,97
379,1422789,12,99
380,497909,12,101
381,949827,12,103
382,650092,12,105
383,72023,12,107
384,226640,12,109
385,298563,12,111
386,167040,12,113
387,405549,12,115
388,449144,12,117
389,118891,12,119
390,43760,12,121
391,22493,12,123
392,15234,12,125
393,517887,12,127
394,31535,12,129
395,63508,12,131
396,24687,12,133
397,10214860,13,0
398,18454,13,1
399,8398,13,3
400,11299,13,5
401,3180,13,7
402,45459,13,9
403,18495,13,11
404,75370,13,13
405,102747,13,15
406,17403,13,17
407,18963,13,19
408,153721,13,21
409,12243,13,23
410,18455,13,25
411,15658,13,27
412,35137,13,29
413,72651,13,31
414,22745,13,33
415,23593,13,35
416,6479,13,37
417,52102,13,39
418,10886,13,43
419,114545,13,45
420,66050,13,47
421,12965,13,49
422,286956,13,51
423,11368,13,53
424,24922,13,55
425,235900,13,57
426,123912,13,59
427,3141,13,61
428,273955,13,63
429,6893,13,65
430,741334,13,67
431,43108,13,69
432,45844,13,71
433,144052,13,73
434,17124,13,75
435,138427,13,77
436,12388,13,79
437,22881,13,81
438,16264,13,83
439,23312,13,85
440,27174,13,87
441,734871,13,89
442,20882,13,91
443,14035,13,93
444,91332,13,95
445,140733,13,97
446,10575,13,99
447,4040,13,101
448,57106,13,103
449,19364,13,105
450,22708,13,107
451,10787,13,109
452,24303,13,111
453,110714,13,113
454,96504,13,115
455,212438,13,117
456,22311,13,119
457,1010562,13,121
458,29400,13,123
459,3065,13,125
460,83579,13,127
461,56574,13,129
462,25205,13,131
463,16710,13,133
464,895823,13,135
465,43996,13,137
466,193535,13,139
467,8551,13,141
468,28854,13,143
469,33381,13,145
470,25534,13,147
471,11539,13,149
472,217739,13,151
473,150033,13,153
474,9245,13,155
475,63360,13,157
476,13635,13,159
477,14920,13,161
478,16106,13,163
479,8957,13,165
480,9656,13,167
481,28494,13,169
482,18201,13,171
483,10312,13,173
484,47731,13,175
485,29202,13,177
486,62467,13,179
487,7673,13,181
488,17731,13,183
489,112865,13,185
490,31408,13,187
491,21540,13,189
492,13969,13,191
493,13632,13,193
494,28441,13,195
495,8761,13,197
496,21190,13,199
497,5854,13,201
498,22574,13,205
499,27103,13,207
500,8951,13,209
501,18046,13,211
502,39565,13,213
503,200579,13,215
504,105473,13,217
505,35965,13,219
506,14871,13,221
507,152238,13,223
508,26720,13,225
509,30309,13,227
510,19103,13,229
511,17941,13,231
512,41524,13,233
513,11396,13,235
514,21353,13,237
515,2302,13,239
516,16281,13,241
517,7193,13,243
518,201793,13,245
519,88856,13,247
520,5168,13,249
521,14162,13,251
522,8647,13,253
523,64051,13,255
524,25586,13,257
525,5851,13,259
526,30779,13,261
527,6337,13,263
528,1639,13,265
529,25229,13,267
530,8330,13,269
531,16400,13,271
532,9113,13,273
533,45063,13,275
534,40764,13,277
535,27241,13,279
536,11182,13,281
537,6785,13,283
538,69763,13,285
539,8214,13,287
540,8390,13,289
541,22267,13,291
542,26368,13,293
543,68066,13,295
544,88399,13,297
545,35370,13,299
546,5460,13,301
547,20816,13,303
548,29534,13,305
549,2648,13,307
550,7903,13,309
551,28319,13,311
552,104216,13,313
553,8857,13,315
554,9867,13,317
555,9155,13,319
556,20699,13,321
557,1431603,15,0
558,196428,15,1
559,998714,15,3
560,89,15,5
561,71735,15,7
562,164637,15,9
563,1654930,16,0
564,434211,16,1
565,3843,16,3
566,83744,16,5
567,5922,16,7
568,9052,16,9
569,44990,16,11
570,21592,16,13
571,7058,16,15
572,41859,16,17
573,110089,16,19
574,11318,16,21
575,2501,16,23
576,1066,16,25
577,207478,16,27
578,6770,16,29
579,23506,16,31
580,880,16,33
581,8496,16,35
582,4087,16,37
583,25876,16,39
584,13074,16,41
585,12819,16,43
586,16852,16,45
587,15284,16,47
588,16272,16,49
589,27157,16,51
590,22814,16,53
591,150346,16,55
592,38778,16,57
593,7735,16,59
594,3789,16,61
595,5297,16,63
596,38273,16,65
597,20461,16,67
598,40048,16,69
599,4281,16,71
600,11310,16,73
601,22896,16,75
602,7648,16,77
603,12432,16,79
604,10564,16,81
605,82375,16,83
606,10103,16,85
607,9984,16,87
608,12859995,17,0
609,67013,17,1
610,6780,17,3
611,16950,17,5
612,53585,17,7
613,6829,17,9
614,33587,17,11
615,4899,17,13
616,14616,17,15
617,12847,17,17
618,208861,17,19
619,33642,17,21
620,15979,17,23
621,13428,17,25
622,37786,17,27
623,52521,17,29
624,5238216,17,31
625,19414,17,33
626,10898,17,35
627,104352,17,37
628,16247,17,39
629,19823,17,41
630,933736,17,43
631,17664,17,45
632,6534,17,47
633,34371,17,49
634,22043,17,51
635,13736,17,53
636,39485,17,55
637,35699,17,57
638,5265,17,59
639,13241,17,61
640,50541,17,63
641,8200,17,65
642,18543,17,67
643,4135,17,69
644,6995,17,71
645,49489,17,73
646,28672,17,75
647,59362,17,77
648,9607,17,79
649,38353,17,81
650,22372,17,83
651,22086,17,85
652,12762,17,87
653,530847,17,89
654,110879,17,91
655,123355,17,93
656,51441,17,95
657,703910,17,97
658,111333,17,99
659,16491,17,101
660,34584,17,103
661,36671,17,105
662,29494,17,107
663,31333,17,109
664,307343,17,111
665,173166,17,113
666,107303,17,115
667,46045,17,117
668,266209,17,119
669,38339,17,121
670,11982,17,123
671,13701,17,125
672,14766,17,127
673,12444,17,129
674,15858,17,131
675,33879,17,133
676,28898,17,135
677,34828,17,137
678,14931,17,139
679,51659,17,141
680,186221,17,143
681,21543,17,145
682,16387,17,147
683,15989,17,149
684,4226,17,151
685,5678,17,153
686,5644,17,155
687,32852,17,157
688,16029,17,159
689,146133,17,161
690,264052,17,163
691,24548,17,165
692,198712,17,167
693,7032,17,169
694,5092,17,171
695,21775,17,173
696,5788,17,175
697,45749,17,177
698,134800,17,179
699,17408,17,181
700,79282,17,183
701,11542,17,185
702,17527,17,187
703,14270,17,189
704,16423,17,191
705,14327,17,193
706,57079,17,195
707,687263,17,197
708,67466,17,199
709,287078,17,201
710,39227,17,203
711,6619680,18,0
712,34980,18,1
713,368450,18,3
714,81162,18,5
715,8681,18,7
716,12298,18,9
717,63344,18,11
718,14977,18,13
719,19856,18,15
720,37979,18,17
721,115371,18,19
722,26503,18,21
723,32609,18,23
724,10483,18,25
725,32906,18,27
726,49455,18,29
727,26521,18,31
728,42589,18,33
729,116852,18,35
730,42461,18,37
731,203474,18,39
732,23434,18,41
733,76778,18,43
734,16591,18,45
735,22872,18,47
736,20315,18,49
737,33775,18,51
738,67979,18,53
739,32441,18,55
740,309697,18,57
741,72520,18,59
742,39578,18,61
743,158192,18,63
744,48985,18,65
745,82556,18,67
746,36630,18,69
747,44069,18,71
748,33470,18,73
749,21121,18,75
750,32416,18,77
751,27897,18,79
752,149633,18,81
753,37927,18,83
754,78620,18,85
755,38809,18,87
756,487865,18,89
757,110884,18,91
758,45495,18,93
759,129723,18,95
760,939020,18,97
761,46857,18,99
762,10226,18,101
763,35862,18,103
764,144705,18,105
765,38227,18,107
766,69648,18,109
767,14008,18,111
768,47733,18,113
769,5938,18,115
770,19605,18,117
771,20872,18,119
772,16901,18,121
773,19347,18,123
774,12594,18,125
775,167688,18,127
776,25512,18,129
777,12889,18,131
778,37585,18,133
779,25172,18,135
780,28701,18,137
781,16672,18,139
782,268441,18,141
783,23744,18,143
784,44478,18,145
785,20715,18,147
786,22958,18,149
787,34372,18,151
788,20928,18,153
789,10524,18,155
790,185826,18,157
791,15267,18,159
792,7182,18,161
793,181877,18,163
794,15692,18,165
795,107896,18,167
796,32138,18,169
797,8269,18,171
798,61897,18,173
799,27827,18,175
800,67001,18,177
801,27964,18,179
802,24293,18,181
803,33406,18,183
804,3123899,19,0
805,7228,19,1
806,3796,19,3
807,13886,19,5
808,12529,19,7
809,5773,19,9
810,25658,19,11
811,133455,19,13
812,26643,19,15
813,24722,19,17
814,21062,19,19
815,20493,19,21
816,14915,19,23
817,9818,19,25
818,20498,19,27
819,13427,19,29
820,18340,19,31
821,43017,19,33
822,11574,19,35
823,12097,19,37
824,9259,19,39
825,16507,19,41
826,17644,19,43
827,47768,19,45
828,17094,19,47
829,80133,19,49
830,8769,19,51
831,8220,19,53
832,17403,19,55
833,40055,19,57
834,17111,19,59
835,97125,19,61
836,9769,19,63
837,20257,19,65
838,15960,19,67
839,10295,19,69
840,6906,19,71
841,9027,19,73
842,12435,19,75
843,10676,19,77
844,15190,19,79
845,10974,19,81
846,17367,19,83
847,14265,19,85
848,19950,19,87
849,9410,19,89
850,9555,19,91
851,7028,19,93
852,16401,19,95
853,19444,19,97
854,36827,19,99
855,17555,19,101
856,144251,19,103
857,20466,19,105
858,10163,19,107
859,15165,19,109
860,35089,19,111
861,219916,19,113
862,11185,19,115
863,8682,19,117
864,11745,19,119
865,15753,19,121
866,22324,19,123
867,33294,19,125
868,40746,19,127
869,14844,19,129
870,10832,19,131
871,8979,19,133
872,7973,19,135
873,10234,19,137
874,43011,19,139
875,13984,19,141
876,6154,19,143
877,15527,19,145
878,9133,19,147
879,24800,19,149
880,7008,19,151
881,467711,19,153
882,93671,19,155
883,18550,19,157
884,5068,19,159
885,10021,19,161
886,172126,19,163
887,11927,19,165
888,34937,19,167
889,96021,19,169
890,17337,19,171
891,6205,19,173
892,12469,19,175
893,7344,19,177
894,35173,19,179
895,48626,19,181
896,22247,19,183
897,6385,19,185
898,37071,19,187
899,10609,19,189
900,20709,19,191
901,102782,19,193
902,7569,19,195
903,12773,19,197
904,2911641,20,0
905,12717,20,1
906,7808,20,3
907,16398,20,5
908,4823,20,7
909,27103,20,9
910,14712,20,11
911,9776,20,13
912,66741,20,15
913,2679,20,17
914,3402,20,19
915,20533,20,21
916,2679,20,23
917,2096,20,25
918,8347,20,27
919,9219,20,29
920,8384,20,31
921,1843,20,33
922,35788,20,35
923,39217,20,37
924,2932,20,39
925,19303,20,41
926,7797,20,43
927,118053,20,45
928,2968,20,47
929,2605,20,49
930,29029,20,51
931,6343,20,53
932,37118,20,55
933,34536,20,57
934,25609,20,59
935,37030,20,61
936,2640,20,63
937,2591,20,65
938,7733,20,67
939,6133,20,69
940,1330,20,71
941,6244,20,73
942,2474,20,75
943,5817,20,77
944,35073,20,79
945,4064,20,81
946,1893,20,83
947,13338,20,85
948,18930,20,87
949,2970,20,89
950,580159,20,91
951,3956,20,93
952,7687,20,95
953,2564,20,97
954,20803,20,99
955,1670,20,101
956,79315,20,103
957,3105,20,105
958,9536,20,107
959,2825,20,109
960,33339,20,111
961,28941,20,113
962,12103,20,115
963,9936,20,117
964,4330,20,119
965,32553,20,121
966,6282,20,123
967,33314,20,125
968,5645,20,127
969,3007,20,129
970,10227,20,131
971,16346,20,133
972,3005,20,135
973,5550,20,137
974,15847,20,139
975,3683,20,141
976,5975,20,143
977,6838,20,145
978,5428,20,147
979,23298,20,149
980,9691,20,151
981,2506,20,153
982,63718,20,155
983,4725,20,157
984,9977,20,159
985,75247,20,161
986,5174,20,163
987,3130,20,165
988,7039,20,167
989,55691,20,169
990,4964,20,171
991,511574,20,173
992,23152,20,175
993,178725,20,177
994,2512,20,179
995,5983,20,181
996,3704,20,183
997,4236,20,185
998,2072,20,187
999,5806,20,189
1000,23535,20,191
1001,7904,20,193
1002,2927,20,195
1003,6951,20,197
1004,1518,20,199
1005,5598,20,201
1006,2157,20,203
1007,8856,20,205
1008,3115,20,207
1009,163369,20,209
1010,4425092,21,0
1011,19027,21,1
1012,20640,21,3
1013,21979,21,5
1014,8212,21,7
1015,43570,21,9
1016,12228,21,11
1017,27337,21,13
1018,127712,21,15
1019,20116,21,17
1020,48325,21,19
1021,29809,21,21
1022,8321,21,23
1023,13484,21,25
1024,20018,21,27
1025,78702,21,29
1026,12938,21,31
1027,12681,21,33
1028,38343,21,35
1029,92066,21,37
1030,4874,21,39
1031,10699,21,41
1032,27158,21,43
1033,15808,21,45
1034,73309,21,47
1035,35757,21,49
1036,21013,21,51
1037,10174,21,53
1038,9183,21,55
1039,6759,21,57
1040,99259,21,59
1041,12007,21,61
1042,7648,21,63
1043,14375,21,65
1044,314488,21,67
1045,14637,21,69
1046,37756,21,71
1047,50375,21,73
1048,6238,21,75
1049,8636,21,77
1050,17237,21,79
1051,24757,21,81
1052,37421,21,83
1053,26221,21,85
1054,11010,21,87
1055,36068,21,89
1056,8692,21,91
1057,106439,21,93
1058,27703,21,95
1059,18763,21,97
1060,18454,21,99
1061,46407,21,101
1062,15620,21,103
1063,4612,21,105
1064,46222,21,107
1065,13352,21,109
1066,763623,21,111
1067,51961,21,113
1068,23175,21,115
1069,165012,21,117
1070,15693,21,119
1071,31730,21,121
1072,14241,21,123
1073,60094,21,125
1074,15745,21,127
1075,6752,21,129
1076,10711,21,131
1077,23123,21,133
1078,13682,21,135
1079,24463,21,137
1080,9316,21,139
1081,26910,21,141
1082,8306,21,143
1083,65018,21,145
1084,17878,21,147
1085,9512,21,149
1086,87824,21,151
1087,12808,21,153
1088,19365,21,155
1089,31101,21,157
1090,12307,21,159
1091,17099,21,161
1092,27924,21,163
1093,6358,21,165
1094,21407,21,167
1095,9909,21,169
1096,10667,21,171
1097,27608,21,173
1098,13275,21,175
1099,31183,21,177
1100,45126,21,179
1101,7131,21,181
1102,24216,21,183
1103,64875,21,185
1104,10730,21,187
1105,4461,21,189
1106,14408,21,191
1107,27565,21,193
1108,61792,21,195
1109,12269,21,197
1110,63782,21,199
1111,2138,21,201
1112,16942,21,203
1113,23892,21,205
1114,17662,21,207
1115,52420,21,209
1116,45632,21,211
1117,18006,21,213
1118,17894,21,215
1119,25420,21,217
1120,12531,21,219
1121,14233,21,221
1122,8769,21,223
1123,15050,21,225
1124,122851,21,227
1125,12063,21,229
1126,20464,21,231
1127,13170,21,233
1128,36129,21,235
1129,7259,21,237
1130,25793,21,239
1131,4670724,22,0
1132,62577,22,1
1133,25683,22,3
1134,119455,22,5
1135,22842,22,7
1136,41103,22,9
1137,36462,22,11
1138,13786,22,13
1139,125175,22,15
1140,251460,22,17
1141,198788,22,19
1142,9993,22,21
1143,6817,22,23
1144,10147,22,25
1145,16295,22,27
1146,20142,22,29
1147,27052,22,31
1148,446753,22,33
1149,7307,22,35
1150,19696,22,37
1151,33743,22,39
1152,20410,22,41
1153,22343,22,43
1154,74103,22,45
1155,33095,22,47
1156,15858,22,49
1157,436275,22,51
1158,31439,22,53
1159,240098,22,55
1160,98325,22,57
1161,14974,22,59
1162,47774,22,61
1163,137788,22,63
1164,11514,22,65
1165,26395,22,67
1166,39179,22,69
1167,389617,22,71
1168,156761,22,73
1169,23495,22,75
1170,22251,22,77
1171,132141,22,79
1172,8593,22,81
1173,20523,22,83
1174,24186,22,85
1175,45408,22,87
1176,52812,22,89
1177,10567,22,91
1178,21567,22,93
1179,43626,22,95
1180,83848,22,97
1181,53835,22,99
1182,52810,22,101
1183,250088,22,103
1184,128755,22,105
1185,4740,22,107
1186,113972,22,109
1187,22477,22,111
1188,59875,22,113
1189,50803,22,115
1190,46371,22,117
1191,40021,22,119
1192,25490,22,121
1193,11293,22,123
1194,15385,22,125
1195,14568,22,127
1196,1329328,23,0
1197,107233,23,1
1198,68628,23,3
1199,289977,23,5
1200,29991,23,7
1201,54659,23,9
1202,119980,23,11
1203,39855,23,13
1204,33969,23,15
1205,57202,23,17
1206,152692,23,19
1207,16931,23,21
1208,35149,23,23
1209,51113,23,25
1210,39155,23,27
1211,31625,23,29
1212,201169,23,31
1213,6006401,24,0
1214,72528,24,1
1215,564195,24,3
1216,831128,24,5
1217,90595,24,9
1218,32579,24,11
1219,167627,24,13
1220,102382,24,15
1221,156118,24,17
1222,32384,24,19
1223,245322,24,21
1224,29460,24,23
1225,250290,24,25
1226,313414,24,27
1227,19787,24,29
1228,1040116,24,31
1229,909535,24,33
1230,48904,24,35
1231,111413,24,37
1232,25768,24,39
1233,37512,24,41
1234,149585,24,43
1235,102370,24,45
1236,51540,24,47
1237,621849,24,510
1238,6794422,25,0
1239,214333,25,1
1240,127828,25,3
1241,556772,25,5
1242,17299,25,7
1243,776043,25,9
1244,70601,25,11
1245,470690,25,13
1246,161292,25,15
1247,1585139,25,17
1248,10925,25,19
1249,696023,25,21
1250,510393,25,23
1251,778121,25,25
1252,818963,25,27
1253,9922576,26,0
1254,10349,26,1
1255,9383,26,3
1256,114625,26,5
1257,28803,26,7
1258,23154,26,9
1259,15261,26,11
1260,8575,26,13
1261,59314,26,15
1262,105659,26,17
1263,17457,26,19
1264,154636,26,21
1265,43664,26,23
1266,134314,26,25
1267,51657,26,27
1268,26238,26,29
1269,25427,26,31
1270,38033,26,33
1271,30553,26,35
1272,77390,26,37
1273,13801,26,39
1274,36377,26,41
1275,25788,26,43
1276,108801,26,45
1277,33161,26,47
1278,410849,26,49
1279,25164,26,51
1280,15431,26,53
1281,91636,26,55
1282,41540,26,57
1283,45941,26,59
1284,36380,26,61
1285,31883,26,63
1286,286085,26,65
1287,64223,26,67
1288,25345,26,69
1289,11348,26,71
1290,70698,26,73
1291,159494,26,75
1292,260263,26,77
1293,17260,26,79
1294,636369,26,81
1295,2168,26,83
1296,11424,26,85
1297,88373,26,87
1298,21981,26,89
1299,98573,26,91
1300,187316,26,93
1301,6415,26,95
1302,10890,26,97
1303,864840,26,99
1304,24461,26,101
1305,67215,26,103
1306,28783,26,105
1307,43067,26,107
1308,23548,26,109
1309,83632,26,111
1310,14903,26,113
1311,149568,26,115
1312,62945,26,117
1313,9259,26,119
1314,172790,26,121
1315,47948,26,123
1316,1242304,26,125
1317,26105,26,127
1318,20937,26,129
1319,6007,26,131
1320,23058,26,133
1321,8251,26,135
1322,24253,26,137
1323,279955,26,139
1324,12841,26,141
1325,23898,26,143
1326,193307,26,145
1327,159875,26,147
1328,61018,26,149
1329,41475,26,151
1330,8173,26,153
1331,68619,26,155
1332,53777,26,157
1333,75077,26,159
1334,358880,26,161
1335,1759335,26,163
1336,33003,26,165
1337,5489594,27,0
1338,15702,27,1
1339,344151,27,3
1340,33386,27,5
1341,45672,27,7
1342,39710,27,9
1343,5040,27,11
1344,65787,27,13
1345,25313,27,15
1346,35569,27,17
1347,98741,27,19
1348,28706,27,21
1349,12109,27,23
1350,54293,27,25
1351,62324,27,27
1352,8803,27,29
1353,5194,27,31
1354,11549,27,33
1355,63428,27,35
1356,414686,27,37
1357,20364,27,39
1358,37075,27,41
1359,14050,27,43
1360,20834,27,45
1361,30613,27,47
1362,46435,27,49
1363,5903,27,51
1364,1223149,27,53
1365,18773,27,55
1366,20655,27,57
1367,38429,27,59
1368,45435,27,61
1369,10079,27,63
1370,15837,27,65
1371,42542,27,67
1372,4424,27,69
1373,12841,27,71
1374,6856,27,73
1375,10631,27,75
1376,3923,27,77
1377,27663,27,79
1378,5771,27,81
1379,25673,27,83
1380,35932,27,85
1381,5457,27,87
1382,9423,27,89
1383,20022,27,91
1384,23102,27,93
1385,25788,27,95
1386,32775,27,97
1387,39116,27,99
1388,8413,27,101
1389,33347,27,103
1390,21770,27,105
1391,6678,27,107
1392,151436,27,109
1393,57716,27,111
1394,14219,27,113
1395,29069,27,115
1396,9271,27,117
1397,31533,27,119
1398,11041,27,121
1399,538133,27,123
1400,4055,27,125
1401,15471,27,127
1402,14892,27,129
1403,65400,27,131
1404,9600,27,133
1405,15770,27,135
1406,200431,27,137
1407,141660,27,139
1408,91705,27,141
1409,14875,27,143
1410,154708,27,145
1411,36755,27,147
1412,9796,27,149
1413,9340,27,151
1414,24257,27,153
1415,3401,27,155
1416,21239,27,157
1417,13875,27,159
1418,18989,27,161
1419,251597,27,163
1420,10952,27,165
1421,6396,27,167
1422,50885,27,169
1423,131311,27,171
1424,9875,27,173
1425,2992333,28,0
1426,31254,28,1
1427,37388,28,3
1428,12574,28,5
1429,19043,28,7
1430,8182,28,9
1431,33322,28,11
1432,14717,28,13
1433,10243,28,15
1434,17328,28,17
1435,8299,28,19
1436,9150,28,21
1437,16006,28,23
1438,20048,28,25
1439,24620,28,27
1440,28773,28,29
1441,19543,28,31
1442,173323,28,33
1443,75944,28,35
1444,7743,28,37
1445,23373,28,39
1446,13522,28,41
1447,21578,28,43
1448,46420,28,45
1449,201410,28,47
1450,242891,28,49
1451,18340,28,51
1452,8669,28,53
1453,1337,28,55
1454,23609,28,57
1455,141425,28,59
1456,16569,28,61
1457,7507,28,63
1458,11665,28,65
1459,68215,28,67
1460,9969,28,69
1461,53154,28,71
1462,60618,28,73
1463,78524,28,75
1464,12622,28,77
1465,22763,28,79
1466,85300,28,81
1467,30999,28,83
1468,34649,28,85
1469,59710,28,87
1470,103465,28,89
1471,25563,28,91
1472,35916,28,93
1473,35827,28,95
1474,10152,28,97
1475,29463,28,99
1476,21747,28,101
1477,11043,28,103
1478,49800,28,105
1479,34167,28,107
1480,55191,28,109
1481,12277,28,111
1482,39956,28,113
1483,30908,28,115
1484,25459,28,117
1485,7486,28,119
1486,149039,28,121
1487,28265,28,123
1488,4585,28,125
1489,27222,28,127
1490,16059,28,129
1491,18070,28,131
1492,27005,28,133
1493,14588,28,135
1494,28296,28,137
1495,22131,28,139
1496,19552,28,141
1497,10343,28,143
1498,28429,28,145
1499,14638,28,147
1500,47485,28,149
1501,48130,28,151
1502,20566,28,153
1503,9899,28,155
1504,9122,28,157
1505,18317,28,159
1506,12447,28,161
1507,27387,28,163
1508,6083672,29,0
1509,25378,29,1
1510,17296,29,3
1511,5306,29,5
1512,26096,29,7
1513,35829,29,9
1514,11880,29,11
1515,16446,29,13
1516,18670,29,15
1517,12182,29,17
1518,174974,29,19
1519,89100,29,21
1520,42951,29,23
1521,9014,29,25
1522,44834,29,27
1523,44237,29,29
1524,78572,29,31
1525,8992,29,33
1526,6263,29,35
1527,101603,29,37
1528,13934,29,39
1529,7589,29,41
1530,83279,29,43
1531,6801,29,45
1532,235637,29,47
1533,20609,29,49
1534,76720,29,51
1535,17642,29,53
1536,24526,29,55
1537,7595,29,57
1538,16393,29,59
1539,8253,29,61
1540,12687,29,63
1541,15593,29,65
1542,13373,29,67
1543,30895,29,69
1544,102426,29,71
1545,14858,29,73
1546,6692,29,75
1547,288072,29,77
1548,10097,29,79
1549,8615,29,81
1550,21737,29,83
1551,9201,29,85
1552,4484,29,87
1553,10139,29,89
1554,40117,29,91
1555,10125,29,93
1556,687623,29,95
1557,118596,29,97
1558,224124,29,99
1559,53951,29,101
1560,3910,29,103
1561,35473,29,105
1562,32701,29,107
1563,38180,29,109
1564,10207,29,111
1565,54696,29,113
1566,12308,29,115
1567,15028,29,117
1568,22643,29,119
1569,15335,29,121
1570,12408,29,123
1571,8963,29,125
1572,28880,29,127
1573,3694,29,129
1574,25113,29,131
1575,14036,29,133
1576,15963,29,135
1577,8583,29,137
1578,11703,29,139
1579,20171,29,141
1580,18208,29,143
1581,58615,29,145
1582,22810,29,147
1583,10953,29,149
1584,13628,29,151
1585,9409,29,153
1586,17482,29,155
1587,19183,29,157
1588,42255,29,159
1589,44794,29,161
1590,18348,29,163
1591,96096,29,165
1592,31229,29,167
1593,53221,29,169
1594,4858,29,171
1595,10196,29,173
1596,25104,29,175
1597,22810,29,177
1598,6432,29,179
1599,13802,29,181
1600,385590,29,183
1601,9440,29,185
1602,17919,29,186
1603,66520,29,187
1604,1003362,29,189
1605,23258,29,195
1606,4436,29,197
1607,4854,29,199
1608,39008,29,201
1609,8258,29,203
1610,6128,29,205
1611,29862,29,207
1612,30943,29,209
1613,6353,29,211
1614,54592,29,213
1615,25690,29,215
1616,20826,29,217
1617,33513,29,219
1618,24788,29,221
1619,13405,29,223
1620,37483,29,225
1621,2057,29,227
1622,18268,29,229
1623,315685,29,510
1624,1032949,30,0
1625,9300,30,1
1626,13242,30,3
1627,6577,30,5
1628,5689,30,7
1629,10408,30,9
1630,1180,30,11
1631,82278,30,13
1632,5767,30,15
1633,12135,30,17
1634,1760,30,19
1635,9625,30,21
1636,9139,30,23
1637,3190,30,25
1638,11427,30,27
1639,96165,30,29
1640,100739,30,31
1641,1314,30,33
1642,13647,30,35
1643,827,30,37
1644,3240,30,39
1645,16572,30,41
1646,11645,30,43
1647,1926,30,45
1648,29457,30,47
1649,66418,30,49
1650,2408,30,51
1651,19052,30,53
1652,1683,30,55
1653,7915,30,57
1654,1830,30,59
1655,4251,30,61
1656,114181,30,63
1657,4582,30,65
1658,15972,30,67
1659,475,30,69
1660,4169,30,71
1661,6184,30,73
1662,1773,30,75
1663,6840,30,77
1664,1160,30,79
1665,41373,30,81
1666,11960,30,83
1667,11476,30,85
1668,9398,30,87
1669,11336,30,89
1670,3687,30,91
1671,34622,30,93
1672,9486,30,95
1673,3634,30,97
1674,6104,30,99
1675,5087,30,101
1676,697,30,103
1677,7659,30,105
1678,2110,30,107
1679,1130,30,109
1680,157048,30,111
1681,1896190,31,0
1682,31587,31,1
1683,6414,31,3
1684,456,31,5
1685,788,31,7
1686,487,31,9
1687,5315,31,11
1688,11337,31,13
1689,2006,31,15
1690,2946,31,17
1691,48863,31,19
1692,6585,31,21
1693,8115,31,23
1694,25512,31,25
1695,8564,31,27
1696,3956,31,29
1697,5848,31,31
1698,10167,31,33
1699,6309,31,35
1700,10520,31,37
1701,9125,31,39
1702,10806,31,41
1703,20781,31,43
1704,9055,31,45
1705,23886,31,47
1706,1921,31,49
1707,5797,31,51
1708,36706,31,53
1709,550064,31,55
1710,1799,31,57
1711,5619,31,59
1712,2985,31,61
1713,2624,31,63
1714,4862,31,65
1715,21900,31,67
1716,1918,31,69
1717,2028,31,71
1718,1973,31,73
1719,641,31,75
1720,2429,31,77
1721,61680,31,79
1722,9190,31,81
1723,3452,31,83
1724,932,31,85
1725,2883,31,87
1726,10313,31,89
1727,732,31,91
1728,6409,31,93
1729,7263,31,95
1730,5173,31,97
1731,6585,31,99
1732,8063,31,101
1733,804,31,103
1734,3689,31,105
1735,8543,31,107
1736,306468,31,109
1737,35656,31,111
1738,777,31,113
1739,585,31,115
1740,475,31,117
1741,35039,31,119
1742,7787,31,121
1743,4854,31,123
1744,3595,31,125
1745,7046,31,127
1746,4329,31,129
1747,15984,31,131
1748,2659,31,133
1749,2944,31,135
1750,9296,31,137
1751,7208,31,139
1752,32847,31,141
1753,5202,31,143
1754,10829,31,145
1755,8094,31,147
1756,1381,31,149
1757,14282,31,151
1758,175692,31,153
1759,21016,31,155
1760,36261,31,157
1761,17110,31,159
1762,5220,31,161
1763,3091,31,163
1764,1260,31,165
1765,5937,31,167
1766,5163,31,169
1767,684,31,171
1768,7064,31,173
1769,4154,31,175
1770,20248,31,177
1771,9367,31,179
1772,3625,31,181
1773,750,31,183
1774,13806,31,185
1775,2890845,32,0
1776,24200,32,1
1777,2114801,32,3
1778,47710,32,5
1779,51935,32,7
1780,829,32,9
1781,2016,32,11
1782,17019,32,13
1783,5903,32,15
1784,5036,32,17
1785,52585,32,19
1786,4478,32,21
1787,42477,32,23
1788,6634,32,27
1789,3987,32,29
1790,446903,32,31
1791,9811,32,33
1792,54521,32,510
1793,1330608,33,0
1794,60641,33,1
1795,47285,33,3
1796,75909,33,5
1797,31212,33,7
1798,89320,33,9
1799,406678,33,11
1800,147994,33,13
1801,301777,33,15
1802,126825,33,17
1803,42967,33,19
1804,8958013,34,0
1805,274219,34,1
1806,938506,34,3
1807,450226,34,5
1808,510923,34,7
1809,94727,34,9
1810,155854,34,11
1811,797434,34,13
1812,291479,34,15
1813,674836,34,17
1814,125488,34,19
1815,371398,34,21
1816,840900,34,23
1817,628715,34,25
1818,499509,34,27
1819,588721,34,29
1820,510916,34,31
1821,64180,34,33
1822,333654,34,35
1823,143673,34,37
1824,555786,34,39
1825,106869,34,41
1826,2085109,35,0
1827,676685,35,1
1828,3456,35,3
1829,65764,35,5
1830,27329,35,6
1831,12414,35,7
1832,50398,35,9
1833,1828,35,11
1834,214295,35,13
1835,57578,35,15
1836,28609,35,17
1837,4371,35,19
1838,698,35,21
1839,4423,35,23
1840,71180,35,25
1841,19420,35,27
1842,17785,35,28
1843,24518,35,29
1844,76708,35,31
1845,4596,35,33
1846,64362,35,35
1847,8455,35,37
1848,39465,35,39
1849,19120,35,41
1850,139394,35,43
1851,118737,35,45
1852,27967,35,47
1853,148686,35,49
1854,11282,35,51
1855,17256,35,53
1856,32907,35,55
1857,15485,35,57
1858,4201,35,59
1859,75737,35,61
1860,19795791,36,0
1861,309381,36,1
1862,47462,36,3
1863,1455444,36,5
1864,196567,36,7
1865,77922,36,9
1866,78288,36,11
1867,130779,36,13
1868,87071,36,15
1869,48844,36,17
1870,81251,36,19
1871,61509,36,21
1872,48494,36,23
1873,46053,36,25
1874,295754,36,27
1875,922578,36,29
1876,38478,36,31
1877,50660,36,33
1878,53992,36,35
1879,58937,36,37
1880,47625,36,39
1881,4712,36,41
1882,63100,36,43
1883,117635,36,45
1884,2636735,36,47
1885,26957,36,49
1886,64717,36,51
1887,71849,36,53
1888,749600,36,55
1889,49642,36,57
1890,1361350,36,59
1891,1644518,36,61
1892,212652,36,63
1893,232500,36,65
1894,468463,36,67
1895,109561,36,69
1896,377647,36,71
1897,41582,36,73
1898,120146,36,75
1899,60636,36,77
1900,99042,36,79
1901,2339150,36,81
1902,160266,36,83
1903,474558,36,85
1904,326037,36,87
1905,111007,36,89
1906,226249,36,91
1907,154604,36,93
1908,31330,36,95
1909,18186,36,97
1910,34833,36,99
1911,97631,36,101
1912,1501587,36,103
1913,74877,36,105
1914,49453,36,107
1915,104926,36,109
1916,180143,36,111
1917,64688,36,113
1918,62230,36,115
1919,91446,36,117
1920,976396,36,119
1921,41013,36,121
1922,25048,36,123
1923,10042802,37,0
1924,158276,37,1
1925,37325,37,3
1926,10837,37,5
1927,25759,37,7
1928,27020,37,9
1929,17689,37,11
1930,47651,37,13
1931,20199,37,15
1932,34318,37,17
1933,122765,37,19
1934,253178,37,21
1935,88842,37,23
1936,196762,37,25
1937,81287,37,27
1938,10309,37,29
1939,68879,37,31
1940,22941,37,33
1941,155056,37,35
1942,70928,37,37
1943,27178,37,39
1944,14394,37,41
1945,10703,37,43
1946,96879,37,45
1947,56694,37,47
1948,103451,37,49
1949,323838,37,51
1950,25263,37,53
1951,35663,37,55
1952,164622,37,57
1953,41753,37,59
1954,59159,37,61
1955,300952,37,63
1956,54150,37,65
1957,369019,37,67
1958,63710,37,69
1959,213442,37,71
1960,11431,37,73
1961,8616,37,75
1962,58674,37,77
1963,21134,37,79
1964,517600,37,81
1965,52456,37,83
1966,128140,37,85
1967,59868,37,87
1968,112655,37,89
1969,24184,37,91
1970,52671,37,93
1971,5526,37,95
1972,169866,37,97
1973,41265,37,99
1974,185660,37,101
1975,10013,37,103
1976,59660,37,105
1977,58106,37,107
1978,81035,37,109
1979,44989,37,111
1980,34201,37,113
1981,21139,37,115
1982,23357,37,117
1983,1034070,37,119
1984,15246,37,121
1985,27548,37,123
1986,94352,37,125
1987,93919,37,127
1988,220358,37,129
1989,20426,37,131
1990,186311,37,133
1991,141354,37,135
1992,12781,37,137
1993,39829,37,139
1994,57611,37,141
1995,13440,37,143
1996,39259,37,145
1997,175842,37,147
1998,20366,37,149
1999,142799,37,151
2000,45437,37,153
2001,134197,37,155
2002,91758,37,157
2003,139142,37,159
2004,66390,37,161
2005,63724,37,163
2006,35509,37,165
2007,60714,37,167
2008,46351,37,169
2009,72743,37,171
2010,14434,37,173
2011,33211,37,175
2012,4070,37,177
2013,222742,37,179
2014,44568,37,181
2015,1024198,37,183
2016,20155,37,185
2017,12385,37,187
2018,52906,37,189
2019,124132,37,191
2020,68502,37,193
2021,81714,37,195
2022,37585,37,197
2023,17587,37,199
2024,756927,38,0
2025,2359,38,1
2026,11099,38,3
2027,6753,38,5
2028,936,38,7
2029,6716,38,9
2030,3294,38,11
2031,2308,38,13
2032,92991,38,15
2033,171512,38,17
2034,3828,38,19
2035,5104,38,21
2036,2450,38,23
2037,4646,38,25
2038,2365,38,27
2039,3402,38,29
2040,3356,38,31
2041,1845,38,33
2042,70916,38,35
2043,2388,38,37
2044,2314,38,39
2045,2704,38,41
2046,2417,38,43
2047,104236,54,61
2048,13506,54,63
2049,17524,54,65
2050,25594,54,67
2051,43066,54,69
2052,7229,54,71
2053,7674,54,73
2054,8607,54,75
2055,33940,54,77
2056,56848,54,79
2057,77510,54,81
2058,29126,54,83
2059,9982,54,85
2060,14435,54,87
2061,13239,54,89
2062,16912,54,91
2063,6966,54,93
2064,8975,54,95
2065,24758,54,97
2066,40971,54,99
2067,8755,54,101
2068,15816,54,103
2069,5880,54,105
2070,86452,54,107
2071,22151,54,109
2072,5771337,55,0
2073,20148,55,1
2074,15843,55,3
2075,45563,55,5
2076,14977,55,7
2077,258718,55,9
2078,13192,55,11
2079,15159,55,13
2080,49762,55,15
2081,63531,55,17
2082,34445,55,19
2083,56743,55,21
2084,16391,55,23
2085,523643,55,25
2086,88502,55,27
2087,27554,55,29
2088,43601,55,31
2089,44497,55,33
2090,102105,55,35
2091,4464,55,37
2092,101973,55,39
2093,9057,55,41
2094,52250,55,43
2095,37186,55,45
2096,18856,55,47
2097,23813,55,49
2098,5794,55,51
2099,20554,55,53
2100,84559,55,55
2101,26224,55,57
2102,168437,55,59
2103,20366,55,61
2104,118212,55,63
2105,16829,55,65
2106,19223,55,67
2107,27980,55,69
2108,79806,55,71
2109,135868,55,73
2110,40884,55,75
2111,15075,55,77
2112,4573,55,78
2113,957735,55,79
2114,45549,55,81
2115,37435,55,83
2116,35567,55,85
2117,183245,55,87
2118,87850,55,89
2119,7290,55,91
2120,40889,55,93
2121,43441,55,95
2122,70408,55,97
2123,13645,55,99
2124,195080,55,101
2125,17495,55,103
2126,161448,55,105
2127,14124,55,107
2128,87513,55,109
2129,63642,55,111
2130,16376,55,113
2131,41304,55,115
2132,115569,55,117
2133,20455,55,119
2134,29550,55,121
2135,30506,55,123
2136,21387,55,125
2137,102804,55,127
2138,15552,55,129
2139,133674,55,131
2140,396488,55,133
2141,51945,55,135
2142,24033,55,137
2143,169546,55,139
2144,73435,55,141
2145,586107,56,0
2146,37956,56,1
2147,12022,56,3
2148,49220,56,5
2149,15559,56,7
2150,14236,56,9
2151,7444,56,11
2152,40315,56,13
2153,13383,56,15
2154,4741,56,17
2155,8585,56,19
2156,97121,56,21
2157,18722,56,23
2158,82178,56,25
2159,2542,56,27
2160,29228,56,29
2161,8812,56,31
2162,30009,56,33
2163,9899,56,35
2164,44626,56,37
2165,23125,56,39
2166,20822,56,41
2167,8328,56,43
2168,7234,56,45
2169,4125,38,45
2170,1935,38,47
2171,5968,38,49
2172,2759,38,51
2173,12826,38,53
2174,9744,38,55
2175,8853,38,57
2176,30310,38,59
2177,10331,38,61
2178,2968,38,63
2179,1846,38,65
2180,7091,38,67
2181,4312,38,69
2182,11630,38,71
2183,5448,38,73
2184,2571,38,75
2185,16402,38,77
2186,14649,38,79
2187,3876,38,81
2188,1310,38,83
2189,4370,38,85
2190,767,38,87
2191,32154,38,89
2192,1956,38,91
2193,21103,38,93
2194,2272,38,95
2195,8014,38,97
2196,10897,38,99
2197,71275,38,101
2198,4168,38,103
2199,35294,38,105
2200,11613423,39,0
2201,28024,39,1
2202,104425,39,3
2203,53213,39,5
2204,98632,39,7
2205,65886,39,9
2206,45876,39,11
2207,69154,39,13
2208,43839,39,15
2209,376353,39,17
2210,27811,39,19
2211,38987,39,21
2212,135959,39,23
2213,201973,39,25
2214,41917,39,27
2215,104806,39,29
2216,36569,39,31
2217,42306,39,33
2218,1255921,39,35
2219,52076,39,37
2220,38352,39,39
2221,193013,39,41
2222,75550,39,43
2223,151408,39,45
2224,28679,39,47
2225,1251722,39,49
2226,42537,39,51
2227,30142,39,53
2228,94102,39,55
2229,164427,39,57
2230,39258,39,59
2231,807598,39,61
2232,75573,39,63
2233,31682,39,65
2234,15450,39,67
2235,27816,39,69
2236,43026,39,71
2237,28491,39,73
2238,43909,39,75
2239,58469,39,77
2240,32596,39,79
2241,67347,39,81
2242,61061,39,83
2243,229245,39,85
2244,61109,39,87
2245,170570,39,89
2246,45386,39,91
2247,305147,39,93
2248,433689,39,95
2249,44094,39,97
2250,231900,39,99
2251,65355,39,101
2252,176395,39,103
2253,23257,39,105
2254,40968,39,107
2255,104224,39,109
2256,14409,39,111
2257,532258,39,113
2258,14777,39,115
2259,35074,39,117
2260,86290,39,119
2261,14326,39,121
2262,40877,39,123
2263,18976,39,125
2264,35985,39,127
2265,56998,39,129
2266,28217,39,131
2267,162275,39,133
2268,41329,39,135
2269,34042,39,137
2270,121707,39,139
2271,77170,39,141
2272,59679,39,143
2273,76825,39,145
2274,55610,39,147
2275,48901,39,149
2276,375165,39,151
2277,541968,39,153
2278,203751,39,155
2279,92916,39,157
2280,54277,39,159
2281,28562,39,161
2282,13048,39,163
2283,224469,39,165
2284,61112,39,167
2285,116063,39,169
2286,37120,39,171
2287,129730,39,173
2288,22243,39,175
2289,3911338,40,0
2290,22004,40,1
2291,5868,40,3
2292,13793,40,5
2293,5427,40,7
2294,23768,40,9
2295,9833,40,11
2296,44884,40,13
2297,29343,40,15
2298,133378,40,17
2299,48689,40,19
2300,48447,40,21
2301,14997,40,23
2302,2216,40,25
2303,274458,40,27
2304,5651,40,29
2305,124648,40,31
2306,5996,40,33
2307,14818,40,35
2308,70892,40,37
2309,29744,40,39
2310,41459,40,41
2311,4995,40,43
2312,4231,40,45
2313,63569,40,47
2314,27755,40,49
2315,54648,40,51
2316,4523,40,53
2317,6070,40,55
2318,2788,40,57
2319,3754,40,59
2320,12845,40,61
2321,13735,40,63
2322,25574,40,65
2323,6276,40,67
2324,10980,40,69
2325,45366,40,71
2326,15584,40,73
2327,9144,40,75
2328,10483,40,77
2329,49605,40,79
2330,35042,40,81
2331,45996,40,83
2332,9870,40,85
2333,38066,40,87
2334,33048,40,89
2335,19990,40,91
2336,7771,40,93
2337,16232,40,95
2338,40887,40,97
2339,13936,40,99
2340,69699,40,101
2341,11554,40,103
2342,10539,40,105
2343,12181,40,107
2344,776864,40,109
2345,39187,40,111
2346,47887,40,113
2347,31981,40,115
2348,16436,40,117
2349,80850,40,119
2350,44610,40,121
2351,38194,40,123
2352,71875,40,125
2353,11183,40,127
2354,3788,40,129
2355,90802,40,131
2356,25548,40,133
2357,41153,40,135
2358,44581,40,137
2359,21489,40,139
2360,7515,40,141
2361,639242,40,143
2362,76559,40,145
2363,52021,40,147
2364,11661,40,149
2365,9304,40,151
2366,21559,40,153
2367,4028977,41,0
2368,16005,41,1
2369,87572,41,3
2370,401515,41,5
2371,37831,41,7
2372,49600,41,9
2373,63121,41,11
2374,21630,41,13
2375,22483,41,15
2376,175268,41,17
2377,107685,41,19
2378,1859,41,21
2379,7185,41,23
2380,7200,41,25
2381,23137,41,27
2382,212567,41,29
2383,22666,41,31
2384,84745,41,33
2385,66016,41,35
2386,7829,41,37
2387,362895,41,39
2388,47038,41,41
2389,120547,41,43
2390,30380,41,45
2391,330700,41,47
2392,11190,41,49
2393,790294,41,51
2394,79391,41,53
2395,1680,41,55
2396,25653,41,57
2397,76531,41,59
2398,25790,41,61
2399,6856,41,63
2400,25775,41,65
2401,574326,41,67
2402,1358,41,69
2403,102659,41,71
2404,12802503,42,0
2405,102295,42,1
2406,1230459,42,3
2407,67052,42,5
2408,168871,42,7
2409,48586,42,9
2410,415271,42,11
2411,125593,42,13
2412,61281,42,15
2413,627367,42,17
2414,186818,42,19
2415,136411,42,21
2416,4732,42,23
2417,63960,42,25
2418,160580,42,27
2419,515939,42,29
2420,39498,42,31
2421,80994,42,33
2422,39441,42,35
2423,66672,42,37
2424,86484,42,39
2425,246338,42,41
2426,272983,42,43
2427,563894,42,45
2428,30872,42,47
2429,278045,42,49
2430,133628,42,51
2431,7410,42,53
2432,153638,42,55
2433,14629,42,57
2434,37519,42,59
2435,45668,42,61
2436,86966,42,63
2437,44430,42,65
2438,24737,42,67
2439,211917,42,69
2440,536624,42,71
2441,88082,42,73
2442,137067,42,75
2443,360685,42,77
2444,318449,42,79
2445,116048,42,81
2446,42412,42,83
2447,114234,42,85
2448,46500,42,87
2449,166397,42,89
2450,819264,42,91
2451,18557,42,93
2452,300813,42,95
2453,93246,42,97
2454,45685,42,99
2455,1567442,42,101
2456,55949,42,103
2457,17093,42,105
2458,144590,42,107
2459,40444,42,109
2460,75522,42,111
2461,6328,42,113
2462,41666,42,115
2463,41877,42,117
2464,44954,42,119
2465,53119,42,121
2466,40396,42,123
2467,208261,42,125
2468,51198,42,127
2469,357956,42,129
2470,27800,42,131
2471,442867,42,133
2472,1056298,44,0
2473,49084,44,1
2474,164801,44,3
2475,82423,44,5
2476,633473,44,7
2477,126517,44,9
2478,4896146,45,0
2479,24932,45,1
2480,165829,45,3
2481,9433,45,5
2482,194692,45,7
2483,14880,45,9
2484,21725,45,11
2485,179589,45,13
2486,202786,45,15
2487,14781,45,17
2488,389262,45,19
2489,56194,45,21
2490,32267,45,23
2491,46017,45,25
2492,33775,45,27
2493,37731,45,29
2494,67548,45,31
2495,31234,45,33
2496,152478,45,35
2497,26514,45,37
2498,22747,45,39
2499,138900,45,41
2500,61298,45,43
2501,491863,45,45
2502,69838,45,47
2503,20049,45,49
2504,309199,45,51
2505,27824,45,53
2506,63603,45,55
2507,85842,45,57
2508,66623,45,59
2509,17896,45,61
2510,281833,45,63
2511,9706,45,65
2512,31747,45,67
2513,27494,45,69
2514,38012,45,71
2515,75713,45,73
2516,89208,45,75
2517,121691,45,77
2518,407051,45,79
2519,20053,45,81
2520,297302,45,83
2521,107480,45,85
2522,27777,45,87
2523,32535,45,89
2524,251195,45,91
2525,858469,46,0
2526,2733,46,3
2527,18372,46,5
2528,3423,46,7
2529,6985,46,9
2530,33897,46,11
2531,38785,46,13
2532,5281,46,15
2533,2095,46,17
2534,10283,46,19
2535,1397,46,21
2536,9383,46,23
2537,3659,46,25
2538,13964,46,27
2539,27939,46,29
2540,4197,46,31
2541,8446,46,33
2542,19858,46,35
2543,5539,46,37
2544,4333,46,39
2545,5685,46,41
2546,2977,46,43
2547,3999,46,45
2548,6867,46,47
2549,2337,46,49
2550,7142,46,51
2551,4201,46,53
2552,1861,46,55
2553,6047,46,57
2554,3348,46,59
2555,3385,46,61
2556,1267,46,63
2557,17555,46,65
2558,7301,46,67
2559,1397,46,69
2560,3321,46,71
2561,1997,46,73
2562,924,46,75
2563,4990,46,77
2564,12622,46,79
2565,24827,46,81
2566,52849,46,83
2567,3876,46,85
2568,5599,46,87
2569,2415,46,89
2570,4769,46,91
2571,26986,46,93
2572,2050,46,95
2573,2236,46,97
2574,185197,46,99
2575,6430,46,101
2576,14373,46,102
2577,108702,46,103
2578,3019,46,105
2579,2320,46,107
2580,10311,46,109
2581,2355,46,111
2582,6524,46,115
2583,2954,46,117
2584,1426,46,119
2585,9959,46,121
2586,5434,46,123
2587,8209,46,125
2588,14909,46,127
2589,5443,46,129
2590,22702,46,135
2591,2803,46,137
2592,6600299,47,0
2593,75749,47,1
2594,47183,47,3
2595,16129,47,5
2596,14502,47,7
2597,127253,47,9
2598,104091,47,11
2599,39752,47,13
2600,13840,47,15
2601,27910,47,17
2602,56486,47,19
2603,39741,47,21
2604,17471,47,23
2605,31709,47,25
2606,7771,47,27
2607,35162,47,29
2608,54277,47,31
2609,14601,47,33
2610,58229,47,35
2611,678889,47,37
2612,11660,47,39
2613,19182,47,41
2614,51487,47,43
2615,37893,47,45
2616,39165,47,47
2617,17917,47,49
2618,41449,47,51
2619,49399,47,53
2620,28946,47,55
2621,22846,47,57
2622,68580,47,59
2623,13441,47,61
2624,63402,47,63
2625,354098,47,65
2626,6572,47,67
2627,25707,47,69
2628,25756,47,71
2629,56471,47,73
2630,18023,47,75
2631,28015,47,77
2632,32147,47,79
2633,24363,47,81
2634,8149,47,83
2635,18135,47,85
2636,11509,47,87
2637,53240,47,89
2638,17830,47,91
2639,451324,47,93
2640,7576,47,95
2641,26936,47,97
2642,42564,47,99
2643,11854,47,101
2644,33743,47,103
2645,51130,47,105
2646,52639,47,107
2647,26066,47,109
2648,23177,47,111
2649,97610,47,113
2650,28487,47,115
2651,31552,47,117
2652,87757,47,119
2653,11830,47,121
2654,45771,47,123
2655,193479,47,125
2656,6322,47,127
2657,21498,47,129
2658,30639,47,131
2659,22129,47,133
2660,7929,47,135
2661,5146,47,137
2662,16773,47,139
2663,74553,47,141
2664,32526,47,143
2665,52753,47,145
2666,68570,47,147
2667,298612,47,149
2668,21950,47,151
2669,14811,47,153
2670,95946,47,155
2671,938069,47,157
2672,19295,47,159
2673,13259,47,161
2674,156791,47,163
2675,175989,47,165
2676,61870,47,167
2677,8042,47,169
2678,17860,47,171
2679,19119,47,173
2680,5677,47,175
2681,40435,47,177
2682,126302,47,179
2683,16748,47,181
2684,33960,47,183
2685,26521,47,185
2686,211672,47,187
2687,128911,47,189
2688,27469114,48,0
2689,57580,48,1
2690,18105,48,3
2691,88255,48,5
2692,25350,48,7
2693,8715,48,9
2694,1947,48,11
2695,48435,48,13
2696,29563,48,15
2697,7210,48,17
2698,21269,48,19
2699,80527,48,21
2700,3618,48,23
2701,32874,48,25
2702,334941,48,27
2703,1897753,48,29
2704,11004,48,31
2705,648,48,33
2706,17891,48,35
2707,93389,48,37
2708,346312,48,39
2709,215037,48,41
2710,9145,48,43
2711,1505,48,45
2712,7230,48,47
2713,37896,48,49
2714,17460,48,51
2715,45463,48,53
2716,40522,48,55
2717,21895,48,57
2718,13557,48,59
2719,422156,48,61
2720,12682,48,63
2721,5969,48,65
2722,30313,48,67
2723,7656,48,69
2724,38863,48,71
2725,51542,48,73
2726,7088,48,75
2727,10360,48,77
2728,2953,48,79
2729,3238,48,81
2730,8338,48,83
2731,914127,48,85
2732,3044,48,87
2733,20870,48,89
2734,129048,48,91
2735,13430,48,93
2736,4081,48,95
2737,39229,48,97
2738,75503,48,99
2739,1426,48,101
2740,5048,48,103
2741,3710,48,105
2742,5977,48,107
2743,2236,48,109
2744,7121,48,111
2745,2553385,48,113
2746,13520,48,115
2747,18952,48,117
2748,5217,48,119
2749,780612,48,121
2750,20797,48,123
2751,2206,48,125
2752,10980,48,127
2753,3499,48,129
2754,11388,48,131
2755,18171,48,133
2756,159436,48,135
2757,1894,48,137
2758,163632,48,139
2759,835593,48,141
2760,41122,48,143
2761,17142,48,145
2762,33693,48,147
2763,25110,48,149
2764,3827,48,151
2765,5901,48,153
2766,1220,48,155
2767,716087,48,157
2768,10651,48,159
2769,19691,48,161
2770,18793,48,163
2771,20051,48,165
2772,322225,48,167
2773,6415,48,169
2774,25963,48,171
2775,1315,48,173
2776,7531,48,175
2777,20573,48,177
2778,23210,48,179
2779,125467,48,181
2780,124108,48,183
2781,27512,48,185
2782,151249,48,187
2783,34360,48,189
2784,3138,48,191
2785,8159,48,193
2786,5610,48,195
2787,3840,48,197
2788,55865,48,199
2789,4538028,48,201
2790,66746,48,203
2791,6193,48,205
2792,5737,48,207
2793,194739,48,209
2794,4264,48,211
2795,79545,48,213
2796,842304,48,215
2797,34855,48,217
2798,23433,48,219
2799,55423,48,221
2800,36223,48,223
2801,22785,48,225
2802,37206,48,227
2803,3379,48,229
2804,89844,48,231
2805,21734,48,233
2806,1554,48,235
2807,8878,48,237
2808,14816,48,239
2809,35506,48,241
2810,2156,48,243
2811,254308,48,245
2812,5200,48,247
2813,41382,48,249
2814,159990,48,251
2815,19970,48,253
2816,14975,48,255
2817,114690,48,257
2818,40384,48,259
2819,407,48,261
2820,764,48,263
2821,50955,48,265
2822,4388,48,267
2823,282,48,269
2824,3549,48,271
2825,31857,48,273
2826,3860,48,275
2827,49440,48,277
2828,13385,48,279
2829,20588,48,281
2830,7631,48,283
2831,19836,48,285
2832,16898,48,287
2833,17086,48,289
2834,79654,48,291
2835,23320,48,293
2836,3569,48,295
2837,12229,48,297
2838,19796,48,299
2839,112,48,301
2840,299453,48,303
2841,5724,48,305
2842,8341,48,307
2843,245671,48,309
2844,820,48,311
2845,14065,48,313
2846,10160,48,315
2847,5641,48,317
2848,4032,48,319
2849,36770,48,321
2850,57706,48,323
2851,48417,48,325
2852,2164,48,327
2853,161077,48,329
2854,24513,48,331
2855,4900,48,333
2856,9067,48,335
2857,19262,48,337
2858,537559,48,339
2859,22255,48,341
2860,12516,48,343
2861,1148,48,345
2862,65664,48,347
2863,48323,48,349
2864,13986,48,351
2865,15107,48,353
2866,359715,48,355
2867,10747,48,357
2868,2069,48,359
2869,84260,48,361
2870,27895,48,363
2871,23766,48,365
2872,126042,48,367
2873,9749,48,369
2874,16203,48,371
2875,46972,48,373
2876,121802,48,375
2877,6876,48,377
2878,11161,48,379
2879,130269,48,381
2880,3792,48,383
2881,3307,48,385
2882,12455,48,387
2883,14732,48,389
2884,7289,48,391
2885,916,48,393
2886,16659,48,395
2887,90861,48,397
2888,10551,48,399
2889,53070,48,401
2890,10368,48,403
2891,8473,48,405
2892,27413,48,407
2893,67357,48,409
2894,5901,48,411
2895,3211,48,413
2896,17615,48,415
2897,3350,48,417
2898,25402,48,419
2899,3072,48,421
2900,222936,48,423
2901,8739,48,425
2902,63795,48,427
2903,9440,48,429
2904,1352,48,431
2905,1410,48,433
2906,3913,48,435
2907,7533,48,437
2908,1982498,48,439
2909,136051,48,441
2910,837,48,443
2911,12739,48,445
2912,1579,48,447
2913,32623,48,449
2914,118105,48,451
2915,1176558,48,453
2916,14402,48,455
2917,21347,48,457
2918,40603,48,459
2919,3651,48,461
2920,27245,48,463
2921,48988,48,465
2922,53547,48,467
2923,92382,48,469
2924,70699,48,471
2925,48656,48,473
2926,11721,48,475
2927,34765,48,477
2928,269721,48,479
2929,41486,48,481
2930,5657,48,483
2931,131705,48,485
2932,13027,48,487
2933,21903,48,489
2934,508514,48,491
2935,47520,48,493
2936,8005,48,495
2937,62953,48,497
2938,43356,48,499
2939,8546,48,501
2940,18270,48,503
2941,14374,48,505
2942,12235,48,507
2943,2995919,49,0
2944,6354,49,1
2945,52097,49,3
2946,120783,49,5
2947,20479,49,7
2948,1109,49,9
2949,336043,49,11
2950,20862,49,13
2951,10370,49,15
2952,5009,49,17
2953,9516,49,19
2954,48368,49,21
2955,10594,49,23
2956,7131,49,25
2957,12645,49,27
2958,11065,49,29
2959,1517,49,31
2960,2311,49,33
2961,1107314,49,35
2962,15772,49,37
2963,28778,49,39
2964,20984,49,41
2965,39633,49,43
2966,62952,49,45
2967,37928,49,47
2968,575205,49,49
2969,29161,49,51
2970,155602,49,53
2971,2692,49,55
2972,243645,49,57
2973,626042,50,0
2974,37035,50,1
2975,36317,50,3
2976,30780,50,5
2977,161382,50,7
2978,6163,50,9
2979,48799,50,11
2980,6861,50,13
2981,25235,50,15
2982,28899,50,17
2983,27100,50,19
2984,59736,50,21
2985,58612,50,23
2986,43386,50,25
2987,55737,50,27
2988,8382993,51,0
2989,32973,51,1
2990,105703,51,3
2991,15677,51,5
2992,12903,51,7
2993,31914,51,9
2994,15414,51,11
2995,229164,51,13
2996,74314,51,15
2997,4470,51,17
2998,77724,51,19
2999,6561,51,21
3000,33347,51,23
3001,16698,51,25
3002,22776,51,27
3003,17032,51,29
3004,55086,51,31
3005,29984,51,33
3006,29724,51,35
3007,7040,51,36
3008,12201,51,37
3009,335687,51,41
3010,14363,51,43
3011,5211,51,45
3012,49432,51,47
3013,9719,51,49
3014,15115,51,51
3015,27852,51,53
3016,11130,51,57
3017,1142234,51,59
3018,68782,51,61
3019,15651,51,63
3020,26235,51,65
3021,56264,51,67
3022,83199,51,69
3023,16708,51,71
3024,37143,51,73
3025,22253,51,75
3026,16012,51,77
3027,19162,51,79
3028,11885,51,81
3029,35125,51,83
3030,103227,51,85
3031,325155,51,87
3032,51881,51,89
3033,2214,51,91
3034,36314,51,93
3035,73147,51,95
3036,7158,51,97
3037,25515,51,99
3038,16269,51,101
3039,10965,51,103
3040,24742,51,105
3041,375629,51,107
3042,34602,51,109
3043,12299,51,111
3044,13134,51,113
3045,8862,51,115
3046,31081,51,117
3047,10606,51,119
3048,97653,51,121
3049,14785,51,125
3050,20392,51,127
3051,12155,51,131
3052,12232,51,133
3053,15673,51,135
3054,35385,51,137
3055,23726,51,139
3056,18045,51,141
3057,62194,51,143
3058,28031,51,145
3059,22952,51,147
3060,37862,51,149
3061,451721,51,153
3062,34332,51,155
3063,7378,51,157
3064,8908,51,159
3065,94409,51,161
3066,22354,51,163
3067,78593,51,165
3068,27891,51,167
3069,22126,51,169
3070,43190,51,171
3071,31470,51,173
3072,18109,51,175
3073,130475,51,177
3074,142003,51,179
3075,6709,51,181
3076,11715,51,183
3077,42899,51,185
3078,39083,51,187
3079,54591,51,191
3080,17629,51,193
3081,39718,51,195
3082,29119,51,197
3083,67837,51,199
3084,153511,51,510
3085,17141,51,520
3086,6618,51,530
3087,46597,51,540
3088,235429,51,550
3089,17820,51,570
3090,5658,51,580
3091,42082,51,590
3092,5496,51,595
3093,24013,51,600
3094,13892,51,610
3095,8490,51,620
3096,28118,51,630
3097,6914,51,640
3098,136454,51,650
3099,52538,51,660
3100,22378,51,670
3101,7262,51,678
3102,79812,51,680
3103,41764,51,683
3104,15726,51,685
3105,13645,51,690
3106,182385,51,700
3107,246393,51,710
3108,3939,51,720
3109,32477,51,730
3110,12059,51,735
3111,96201,51,740
3112,17403,51,750
3113,220289,51,760
3114,99897,51,770
3115,25432,51,775
3116,24416,51,790
3117,88161,51,800
3118,452745,51,810
3119,21491,51,820
3120,15052,51,830
3121,27284,51,840
3122,7170351,53,0
3123,19254,53,1
3124,22105,53,3
3125,190309,53,5
3126,75644,53,7
3127,73486,53,9
3128,459495,53,11
3129,3944,53,13
3130,103468,53,15
3131,40534,53,17
3132,7582,53,19
3133,88807,53,21
3134,2219,53,23
3135,93259,53,25
3136,71122,53,27
3137,80593,53,29
3138,30466,53,31
3139,2117125,53,33
3140,260131,53,35
3141,43269,53,37
3142,21026,53,39
3143,75882,53,41
3144,10321,53,43
3145,61023,53,45
3146,41516,53,47
3147,20848,53,49
3148,13088,53,51
3149,843954,53,53
3150,16252,53,55
3151,121846,53,57
3152,11339,53,59
3153,772501,53,61
3154,490945,53,63
3155,43791,53,65
3156,269536,53,67
3157,4042,53,69
3158,60338,53,71
3159,212284,53,73
3160,48177,53,75
3161,248830,53,77
3162,1844128,54,0
3163,16704,54,1
3164,111901,54,3
3165,23372,54,5
3166,14415,54,7
3167,23350,54,9
3168,96844,54,11
3169,7470,54,13
3170,8910,54,15
3171,8176,54,17
3172,44997,54,19
3173,8518,54,21
3174,11766,54,23
3175,35516,54,25
3176,23353,54,27
3177,29815,54,29
3178,13852,54,31
3179,68714,54,33
3180,29237,54,35
3181,56482,54,37
3182,188332,54,39
3183,16448,54,41
3184,21415,54,43
3185,34707,54,45
3186,19835,54,47
3187,56925,54,49
3188,31978,54,51
3189,27037,54,53
3190,61164,54,55
3191,27451,54,57
3192,25292,54,59
